measure,location,sex,age,cause,rei,metric,year,formatted_val
Deaths,China,Both,Age-standardized,All causes,Low physical activity,Rate,1990,8.38 (3.18 to 14.94)
Deaths,China,Both,Age-standardized,Breast cancer,Low physical activity,Rate,1991,0.10 (0.02 to 0.18)
Deaths,China,Both,Age-standardized,Breast cancer,Low physical activity,Rate,1992,0.10 (0.02 to 0.18)
Deaths,China,Both,Age-standardized,Breast cancer,Low physical activity,Rate,1993,0.10 (0.02 to 0.18)
Deaths,China,Both,Age-standardized,Breast cancer,Low physical activity,Rate,1994,0.10 (0.02 to 0.18)
Deaths,China,Both,Age-standardized,Breast cancer,Low physical activity,Rate,1995,0.10 (0.02 to 0.18)
Deaths,China,Both,Age-standardized,Breast cancer,Low physical activity,Rate,1996,0.10 (0.02 to 0.18)
Deaths,China,Both,Age-standardized,Breast cancer,Low physical activity,Rate,1997,0.10 (0.02 to 0.18)
Deaths,China,Both,Age-standardized,Breast cancer,Low physical activity,Rate,1998,0.10 (0.02 to 0.18)
Deaths,China,Both,Age-standardized,Breast cancer,Low physical activity,Rate,1999,0.10 (0.02 to 0.18)
Deaths,China,Both,Age-standardized,Breast cancer,Low physical activity,Rate,2000,0.10 (0.02 to 0.19)
Deaths,China,Both,Age-standardized,Breast cancer,Low physical activity,Rate,2001,0.10 (0.02 to 0.18)
Deaths,China,Both,Age-standardized,Breast cancer,Low physical activity,Rate,2002,0.10 (0.02 to 0.18)
Deaths,China,Both,Age-standardized,Breast cancer,Low physical activity,Rate,2003,0.10 (0.02 to 0.18)
Deaths,China,Both,Age-standardized,Breast cancer,Low physical activity,Rate,2004,0.10 (0.02 to 0.18)
Deaths,China,Both,Age-standardized,Breast cancer,Low physical activity,Rate,2005,0.10 (0.02 to 0.18)
Deaths,China,Both,Age-standardized,Breast cancer,Low physical activity,Rate,2006,0.10 (0.02 to 0.17)
Deaths,China,Both,Age-standardized,Breast cancer,Low physical activity,Rate,2007,0.09 (0.02 to 0.17)
Deaths,China,Both,Age-standardized,Breast cancer,Low physical activity,Rate,2008,0.09 (0.02 to 0.17)
Deaths,China,Both,Age-standardized,Breast cancer,Low physical activity,Rate,2009,0.09 (0.02 to 0.16)
Deaths,China,Both,Age-standardized,Breast cancer,Low physical activity,Rate,2010,0.09 (0.02 to 0.17)
Deaths,China,Both,Age-standardized,Breast cancer,Low physical activity,Rate,2011,0.09 (0.02 to 0.17)
Deaths,China,Both,Age-standardized,Breast cancer,Low physical activity,Rate,2012,0.09 (0.02 to 0.17)
Deaths,China,Both,Age-standardized,Breast cancer,Low physical activity,Rate,2013,0.09 (0.02 to 0.16)
Deaths,China,Both,Age-standardized,Breast cancer,Low physical activity,Rate,2014,0.09 (0.02 to 0.16)
Deaths,China,Both,Age-standardized,Breast cancer,Low physical activity,Rate,2015,0.09 (0.02 to 0.15)
Deaths,China,Both,Age-standardized,Breast cancer,Low physical activity,Rate,2016,0.09 (0.02 to 0.16)
Deaths,China,Both,Age-standardized,Breast cancer,Low physical activity,Rate,2017,0.09 (0.02 to 0.15)
Deaths,China,Both,Age-standardized,Breast cancer,Low physical activity,Rate,2018,0.09 (0.02 to 0.16)
Deaths,China,Both,Age-standardized,Breast cancer,Low physical activity,Rate,2019,0.09 (0.02 to 0.17)
Deaths,China,Both,Age-standardized,Breast cancer,Low physical activity,Rate,2020,0.09 (0.02 to 0.17)
Deaths,China,Both,Age-standardized,All causes,Low physical activity,Rate,2021,8.18 (2.94 to 14.95)
Deaths,China,Both,Age-standardized,Breast cancer,Low physical activity,Rate,1990,0.10 (0.02 to 0.18)
Deaths,China,Both,Age-standardized,Ischemic heart disease,Low physical activity,Rate,1991,2.83 (1.15 to 5.13)
Deaths,China,Both,Age-standardized,Ischemic heart disease,Low physical activity,Rate,1992,2.81 (1.10 to 5.14)
Deaths,China,Both,Age-standardized,Ischemic heart disease,Low physical activity,Rate,1993,2.81 (1.11 to 5.02)
Deaths,China,Both,Age-standardized,Ischemic heart disease,Low physical activity,Rate,1994,2.80 (1.13 to 4.85)
Deaths,China,Both,Age-standardized,Ischemic heart disease,Low physical activity,Rate,1995,2.80 (1.11 to 4.92)
Deaths,China,Both,Age-standardized,Ischemic heart disease,Low physical activity,Rate,1996,2.80 (1.11 to 5.01)
Deaths,China,Both,Age-standardized,Ischemic heart disease,Low physical activity,Rate,1997,2.81 (1.10 to 4.90)
Deaths,China,Both,Age-standardized,Ischemic heart disease,Low physical activity,Rate,1998,2.87 (1.17 to 4.97)
Deaths,China,Both,Age-standardized,Ischemic heart disease,Low physical activity,Rate,1999,2.96 (1.20 to 5.12)
Deaths,China,Both,Age-standardized,Ischemic heart disease,Low physical activity,Rate,2000,3.13 (1.23 to 5.39)
Deaths,China,Both,Age-standardized,Ischemic heart disease,Low physical activity,Rate,2001,3.29 (1.30 to 5.65)
Deaths,China,Both,Age-standardized,Ischemic heart disease,Low physical activity,Rate,2002,3.44 (1.33 to 5.92)
Deaths,China,Both,Age-standardized,Ischemic heart disease,Low physical activity,Rate,2003,3.79 (1.46 to 6.44)
Deaths,China,Both,Age-standardized,Ischemic heart disease,Low physical activity,Rate,2004,3.97 (1.51 to 6.59)
Deaths,China,Both,Age-standardized,Ischemic heart disease,Low physical activity,Rate,2005,4.02 (1.53 to 6.97)
Deaths,China,Both,Age-standardized,Ischemic heart disease,Low physical activity,Rate,2006,3.76 (1.44 to 6.37)
Deaths,China,Both,Age-standardized,Ischemic heart disease,Low physical activity,Rate,2007,3.69 (1.42 to 6.27)
Deaths,China,Both,Age-standardized,Ischemic heart disease,Low physical activity,Rate,2008,3.77 (1.44 to 6.64)
Deaths,China,Both,Age-standardized,Ischemic heart disease,Low physical activity,Rate,2009,3.88 (1.47 to 6.79)
Deaths,China,Both,Age-standardized,Ischemic heart disease,Low physical activity,Rate,2010,4.00 (1.59 to 7.10)
Deaths,China,Both,Age-standardized,Ischemic heart disease,Low physical activity,Rate,2011,4.05 (1.56 to 7.05)
Deaths,China,Both,Age-standardized,Ischemic heart disease,Low physical activity,Rate,2012,3.88 (1.48 to 6.90)
Deaths,China,Both,Age-standardized,Ischemic heart disease,Low physical activity,Rate,2013,3.91 (1.51 to 6.96)
Deaths,China,Both,Age-standardized,Ischemic heart disease,Low physical activity,Rate,2014,3.84 (1.51 to 6.72)
Deaths,China,Both,Age-standardized,Ischemic heart disease,Low physical activity,Rate,2015,3.70 (1.45 to 6.62)
Deaths,China,Both,Age-standardized,Ischemic heart disease,Low physical activity,Rate,2016,3.64 (1.46 to 6.60)
Deaths,China,Both,Age-standardized,Ischemic heart disease,Low physical activity,Rate,2017,3.62 (1.42 to 6.54)
Deaths,China,Both,Age-standardized,Ischemic heart disease,Low physical activity,Rate,2018,3.59 (1.42 to 6.52)
Deaths,China,Both,Age-standardized,Ischemic heart disease,Low physical activity,Rate,2019,3.56 (1.44 to 6.70)
Deaths,China,Both,Age-standardized,Ischemic heart disease,Low physical activity,Rate,2020,3.55 (1.37 to 6.53)
Deaths,China,Both,Age-standardized,Breast cancer,Low physical activity,Rate,2021,0.09 (0.02 to 0.17)
Deaths,China,Both,Age-standardized,Chronic kidney disease,Low physical activity,Rate,1990,0.55 (0.23 to 0.97)
Deaths,China,Both,Age-standardized,Lower extremity peripheral arterial disease,Low physical activity,Rate,1991,0.00 (0.00 to 0.01)
Deaths,China,Both,Age-standardized,Lower extremity peripheral arterial disease,Low physical activity,Rate,1992,0.00 (0.00 to 0.01)
Deaths,China,Both,Age-standardized,Lower extremity peripheral arterial disease,Low physical activity,Rate,1993,0.00 (0.00 to 0.01)
Deaths,China,Both,Age-standardized,Lower extremity peripheral arterial disease,Low physical activity,Rate,1994,0.00 (0.00 to 0.01)
Deaths,China,Both,Age-standardized,Lower extremity peripheral arterial disease,Low physical activity,Rate,1995,0.00 (0.00 to 0.01)
Deaths,China,Both,Age-standardized,Lower extremity peripheral arterial disease,Low physical activity,Rate,1996,0.00 (0.00 to 0.01)
Deaths,China,Both,Age-standardized,Lower extremity peripheral arterial disease,Low physical activity,Rate,1997,0.00 (0.00 to 0.01)
Deaths,China,Both,Age-standardized,Lower extremity peripheral arterial disease,Low physical activity,Rate,1998,0.00 (0.00 to 0.01)
Deaths,China,Both,Age-standardized,Lower extremity peripheral arterial disease,Low physical activity,Rate,1999,0.00 (0.00 to 0.01)
Deaths,China,Both,Age-standardized,Lower extremity peripheral arterial disease,Low physical activity,Rate,2000,0.00 (0.00 to 0.01)
Deaths,China,Both,Age-standardized,Lower extremity peripheral arterial disease,Low physical activity,Rate,2001,0.00 (0.00 to 0.01)
Deaths,China,Both,Age-standardized,Lower extremity peripheral arterial disease,Low physical activity,Rate,2002,0.00 (0.00 to 0.01)
Deaths,China,Both,Age-standardized,Lower extremity peripheral arterial disease,Low physical activity,Rate,2003,0.00 (0.00 to 0.01)
Deaths,China,Both,Age-standardized,Lower extremity peripheral arterial disease,Low physical activity,Rate,2004,0.00 (0.00 to 0.01)
Deaths,China,Both,Age-standardized,Lower extremity peripheral arterial disease,Low physical activity,Rate,2005,0.00 (0.00 to 0.01)
Deaths,China,Both,Age-standardized,Lower extremity peripheral arterial disease,Low physical activity,Rate,2006,0.00 (0.00 to 0.01)
Deaths,China,Both,Age-standardized,Lower extremity peripheral arterial disease,Low physical activity,Rate,2007,0.00 (0.00 to 0.01)
Deaths,China,Both,Age-standardized,Lower extremity peripheral arterial disease,Low physical activity,Rate,2008,0.00 (0.00 to 0.01)
Deaths,China,Both,Age-standardized,Lower extremity peripheral arterial disease,Low physical activity,Rate,2009,0.00 (0.00 to 0.01)
Deaths,China,Both,Age-standardized,Lower extremity peripheral arterial disease,Low physical activity,Rate,2010,0.00 (0.00 to 0.01)
Deaths,China,Both,Age-standardized,Lower extremity peripheral arterial disease,Low physical activity,Rate,2011,0.00 (0.00 to 0.01)
Deaths,China,Both,Age-standardized,Lower extremity peripheral arterial disease,Low physical activity,Rate,2012,0.00 (0.00 to 0.01)
Deaths,China,Both,Age-standardized,Lower extremity peripheral arterial disease,Low physical activity,Rate,2013,0.00 (0.00 to 0.01)
Deaths,China,Both,Age-standardized,Lower extremity peripheral arterial disease,Low physical activity,Rate,2014,0.00 (0.00 to 0.01)
Deaths,China,Both,Age-standardized,Lower extremity peripheral arterial disease,Low physical activity,Rate,2015,0.00 (0.00 to 0.01)
Deaths,China,Both,Age-standardized,Lower extremity peripheral arterial disease,Low physical activity,Rate,2016,0.00 (0.00 to 0.01)
Deaths,China,Both,Age-standardized,Lower extremity peripheral arterial disease,Low physical activity,Rate,2017,0.00 (0.00 to 0.01)
Deaths,China,Both,Age-standardized,Lower extremity peripheral arterial disease,Low physical activity,Rate,2018,0.00 (0.00 to 0.01)
Deaths,China,Both,Age-standardized,Lower extremity peripheral arterial disease,Low physical activity,Rate,2019,0.00 (0.00 to 0.01)
Deaths,China,Both,Age-standardized,Lower extremity peripheral arterial disease,Low physical activity,Rate,2020,0.00 (0.00 to 0.01)
Deaths,China,Both,Age-standardized,Chronic kidney disease,Low physical activity,Rate,2021,0.48 (0.19 to 0.83)
Deaths,China,Both,Age-standardized,Colon and rectum cancer,Low physical activity,Rate,1990,0.93 (0.55 to 1.36)
Deaths,China,Both,Age-standardized,Stroke,Low physical activity,Rate,1991,2.84 (-0.90 to 6.94)
Deaths,China,Both,Age-standardized,Stroke,Low physical activity,Rate,1992,2.83 (-0.90 to 7.01)
Deaths,China,Both,Age-standardized,Stroke,Low physical activity,Rate,1993,2.82 (-0.91 to 7.11)
Deaths,China,Both,Age-standardized,Stroke,Low physical activity,Rate,1994,2.81 (-0.98 to 6.85)
Deaths,China,Both,Age-standardized,Stroke,Low physical activity,Rate,1995,2.79 (-1.05 to 6.98)
Deaths,China,Both,Age-standardized,Stroke,Low physical activity,Rate,1996,2.77 (-1.06 to 6.81)
Deaths,China,Both,Age-standardized,Stroke,Low physical activity,Rate,1997,2.74 (-1.10 to 6.73)
Deaths,China,Both,Age-standardized,Stroke,Low physical activity,Rate,1998,2.75 (-1.08 to 6.86)
Deaths,China,Both,Age-standardized,Stroke,Low physical activity,Rate,1999,2.79 (-1.10 to 7.02)
Deaths,China,Both,Age-standardized,Stroke,Low physical activity,Rate,2000,2.88 (-1.15 to 7.41)
Deaths,China,Both,Age-standardized,Stroke,Low physical activity,Rate,2001,2.94 (-1.23 to 7.42)
Deaths,China,Both,Age-standardized,Stroke,Low physical activity,Rate,2002,2.95 (-1.21 to 7.58)
Deaths,China,Both,Age-standardized,Stroke,Low physical activity,Rate,2003,3.06 (-1.40 to 7.92)
Deaths,China,Both,Age-standardized,Stroke,Low physical activity,Rate,2004,3.11 (-1.42 to 8.06)
Deaths,China,Both,Age-standardized,Stroke,Low physical activity,Rate,2005,3.05 (-1.51 to 7.97)
Deaths,China,Both,Age-standardized,Stroke,Low physical activity,Rate,2006,2.79 (-1.39 to 7.01)
Deaths,China,Both,Age-standardized,Stroke,Low physical activity,Rate,2007,2.68 (-1.39 to 7.07)
Deaths,China,Both,Age-standardized,Stroke,Low physical activity,Rate,2008,2.66 (-1.45 to 6.86)
Deaths,China,Both,Age-standardized,Stroke,Low physical activity,Rate,2009,2.68 (-1.48 to 6.88)
Deaths,China,Both,Age-standardized,Stroke,Low physical activity,Rate,2010,2.68 (-1.53 to 7.00)
Deaths,China,Both,Age-standardized,Stroke,Low physical activity,Rate,2011,2.64 (-1.36 to 6.90)
Deaths,China,Both,Age-standardized,Stroke,Low physical activity,Rate,2012,2.56 (-1.17 to 6.74)
Deaths,China,Both,Age-standardized,Stroke,Low physical activity,Rate,2013,2.51 (-1.25 to 6.47)
Deaths,China,Both,Age-standardized,Stroke,Low physical activity,Rate,2014,2.46 (-1.22 to 6.48)
Deaths,China,Both,Age-standardized,Stroke,Low physical activity,Rate,2015,2.40 (-1.15 to 6.22)
Deaths,China,Both,Age-standardized,Stroke,Low physical activity,Rate,2016,2.39 (-1.11 to 6.29)
Deaths,China,Both,Age-standardized,Stroke,Low physical activity,Rate,2017,2.37 (-1.12 to 6.22)
Deaths,China,Both,Age-standardized,Stroke,Low physical activity,Rate,2018,2.33 (-1.05 to 5.96)
Deaths,China,Both,Age-standardized,Stroke,Low physical activity,Rate,2019,2.32 (-1.02 to 6.15)
Deaths,China,Both,Age-standardized,Stroke,Low physical activity,Rate,2020,2.31 (-1.14 to 6.26)
Deaths,China,Both,Age-standardized,Colon and rectum cancer,Low physical activity,Rate,2021,0.87 (0.53 to 1.29)
Deaths,China,Both,Age-standardized,Diabetes mellitus,Low physical activity,Rate,1990,0.89 (0.37 to 1.40)
Deaths,China,Both,Age-standardized,Colon and rectum cancer,Low physical activity,Rate,1991,0.93 (0.55 to 1.36)
Deaths,China,Both,Age-standardized,Colon and rectum cancer,Low physical activity,Rate,1992,0.92 (0.56 to 1.34)
Deaths,China,Both,Age-standardized,Colon and rectum cancer,Low physical activity,Rate,1993,0.92 (0.54 to 1.32)
Deaths,China,Both,Age-standardized,Colon and rectum cancer,Low physical activity,Rate,1994,0.91 (0.54 to 1.30)
Deaths,China,Both,Age-standardized,Colon and rectum cancer,Low physical activity,Rate,1995,0.91 (0.54 to 1.31)
Deaths,China,Both,Age-standardized,Colon and rectum cancer,Low physical activity,Rate,1996,0.90 (0.56 to 1.29)
Deaths,China,Both,Age-standardized,Colon and rectum cancer,Low physical activity,Rate,1997,0.89 (0.54 to 1.28)
Deaths,China,Both,Age-standardized,Colon and rectum cancer,Low physical activity,Rate,1998,0.89 (0.55 to 1.27)
Deaths,China,Both,Age-standardized,Colon and rectum cancer,Low physical activity,Rate,1999,0.89 (0.55 to 1.26)
Deaths,China,Both,Age-standardized,Colon and rectum cancer,Low physical activity,Rate,2000,0.89 (0.56 to 1.29)
Deaths,China,Both,Age-standardized,Colon and rectum cancer,Low physical activity,Rate,2001,0.90 (0.54 to 1.26)
Deaths,China,Both,Age-standardized,Colon and rectum cancer,Low physical activity,Rate,2002,0.88 (0.54 to 1.25)
Deaths,China,Both,Age-standardized,Colon and rectum cancer,Low physical activity,Rate,2003,0.90 (0.55 to 1.28)
Deaths,China,Both,Age-standardized,Colon and rectum cancer,Low physical activity,Rate,2004,0.91 (0.54 to 1.29)
Deaths,China,Both,Age-standardized,Colon and rectum cancer,Low physical activity,Rate,2005,0.90 (0.53 to 1.28)
Deaths,China,Both,Age-standardized,Colon and rectum cancer,Low physical activity,Rate,2006,0.85 (0.52 to 1.20)
Deaths,China,Both,Age-standardized,Colon and rectum cancer,Low physical activity,Rate,2007,0.84 (0.51 to 1.17)
Deaths,China,Both,Age-standardized,Colon and rectum cancer,Low physical activity,Rate,2008,0.84 (0.51 to 1.17)
Deaths,China,Both,Age-standardized,Colon and rectum cancer,Low physical activity,Rate,2009,0.85 (0.50 to 1.19)
Deaths,China,Both,Age-standardized,Colon and rectum cancer,Low physical activity,Rate,2010,0.86 (0.51 to 1.21)
Deaths,China,Both,Age-standardized,Colon and rectum cancer,Low physical activity,Rate,2011,0.86 (0.51 to 1.21)
Deaths,China,Both,Age-standardized,Colon and rectum cancer,Low physical activity,Rate,2012,0.84 (0.50 to 1.18)
Deaths,China,Both,Age-standardized,Colon and rectum cancer,Low physical activity,Rate,2013,0.83 (0.49 to 1.17)
Deaths,China,Both,Age-standardized,Colon and rectum cancer,Low physical activity,Rate,2014,0.82 (0.49 to 1.15)
Deaths,China,Both,Age-standardized,Colon and rectum cancer,Low physical activity,Rate,2015,0.82 (0.51 to 1.16)
Deaths,China,Both,Age-standardized,Colon and rectum cancer,Low physical activity,Rate,2016,0.84 (0.52 to 1.20)
Deaths,China,Both,Age-standardized,Colon and rectum cancer,Low physical activity,Rate,2017,0.84 (0.52 to 1.20)
Deaths,China,Both,Age-standardized,Colon and rectum cancer,Low physical activity,Rate,2018,0.85 (0.50 to 1.21)
Deaths,China,Both,Age-standardized,Colon and rectum cancer,Low physical activity,Rate,2019,0.86 (0.53 to 1.25)
Deaths,China,Both,Age-standardized,Colon and rectum cancer,Low physical activity,Rate,2020,0.87 (0.51 to 1.27)
Deaths,China,Both,Age-standardized,Diabetes mellitus,Low physical activity,Rate,2021,0.90 (0.40 to 1.47)
Deaths,China,Both,Age-standardized,Ischemic heart disease,Low physical activity,Rate,1990,2.86 (1.12 to 5.37)
Deaths,China,Both,Age-standardized,Tuberculosis,Low physical activity,Rate,1991,0.16 (0.05 to 0.31)
Deaths,China,Both,Age-standardized,Tuberculosis,Low physical activity,Rate,1992,0.15 (0.05 to 0.29)
Deaths,China,Both,Age-standardized,Tuberculosis,Low physical activity,Rate,1993,0.14 (0.04 to 0.27)
Deaths,China,Both,Age-standardized,Tuberculosis,Low physical activity,Rate,1994,0.13 (0.04 to 0.25)
Deaths,China,Both,Age-standardized,Tuberculosis,Low physical activity,Rate,1995,0.12 (0.04 to 0.22)
Deaths,China,Both,Age-standardized,Tuberculosis,Low physical activity,Rate,1996,0.11 (0.04 to 0.21)
Deaths,China,Both,Age-standardized,Tuberculosis,Low physical activity,Rate,1997,0.10 (0.03 to 0.19)
Deaths,China,Both,Age-standardized,Tuberculosis,Low physical activity,Rate,1998,0.10 (0.03 to 0.18)
Deaths,China,Both,Age-standardized,Tuberculosis,Low physical activity,Rate,1999,0.09 (0.03 to 0.17)
Deaths,China,Both,Age-standardized,Tuberculosis,Low physical activity,Rate,2000,0.09 (0.03 to 0.17)
Deaths,China,Both,Age-standardized,Tuberculosis,Low physical activity,Rate,2001,0.09 (0.03 to 0.16)
Deaths,China,Both,Age-standardized,Tuberculosis,Low physical activity,Rate,2002,0.08 (0.03 to 0.16)
Deaths,China,Both,Age-standardized,Tuberculosis,Low physical activity,Rate,2003,0.08 (0.03 to 0.16)
Deaths,China,Both,Age-standardized,Tuberculosis,Low physical activity,Rate,2004,0.08 (0.02 to 0.15)
Deaths,China,Both,Age-standardized,Tuberculosis,Low physical activity,Rate,2005,0.07 (0.02 to 0.14)
Deaths,China,Both,Age-standardized,Tuberculosis,Low physical activity,Rate,2006,0.06 (0.02 to 0.12)
Deaths,China,Both,Age-standardized,Tuberculosis,Low physical activity,Rate,2007,0.05 (0.02 to 0.10)
Deaths,China,Both,Age-standardized,Tuberculosis,Low physical activity,Rate,2008,0.05 (0.01 to 0.09)
Deaths,China,Both,Age-standardized,Tuberculosis,Low physical activity,Rate,2009,0.04 (0.01 to 0.08)
Deaths,China,Both,Age-standardized,Tuberculosis,Low physical activity,Rate,2010,0.04 (0.01 to 0.08)
Deaths,China,Both,Age-standardized,Tuberculosis,Low physical activity,Rate,2011,0.04 (0.01 to 0.07)
Deaths,China,Both,Age-standardized,Tuberculosis,Low physical activity,Rate,2012,0.03 (0.01 to 0.06)
Deaths,China,Both,Age-standardized,Tuberculosis,Low physical activity,Rate,2013,0.03 (0.01 to 0.06)
Deaths,China,Both,Age-standardized,Tuberculosis,Low physical activity,Rate,2014,0.03 (0.01 to 0.05)
Deaths,China,Both,Age-standardized,Tuberculosis,Low physical activity,Rate,2015,0.03 (0.01 to 0.05)
Deaths,China,Both,Age-standardized,Tuberculosis,Low physical activity,Rate,2016,0.03 (0.01 to 0.05)
Deaths,China,Both,Age-standardized,Tuberculosis,Low physical activity,Rate,2017,0.03 (0.01 to 0.05)
Deaths,China,Both,Age-standardized,Tuberculosis,Low physical activity,Rate,2018,0.02 (0.01 to 0.04)
Deaths,China,Both,Age-standardized,Tuberculosis,Low physical activity,Rate,2019,0.02 (0.01 to 0.04)
Deaths,China,Both,Age-standardized,Tuberculosis,Low physical activity,Rate,2020,0.02 (0.01 to 0.04)
Deaths,China,Both,Age-standardized,Ischemic heart disease,Low physical activity,Rate,2021,3.52 (1.43 to 6.58)
Deaths,China,Both,Age-standardized,Lower extremity peripheral arterial disease,Low physical activity,Rate,1990,0.00 (0.00 to 0.01)
Deaths,China,Both,Age-standardized,Diabetes mellitus,Low physical activity,Rate,1991,0.88 (0.36 to 1.41)
Deaths,China,Both,Age-standardized,Diabetes mellitus,Low physical activity,Rate,1992,0.88 (0.38 to 1.42)
Deaths,China,Both,Age-standardized,Diabetes mellitus,Low physical activity,Rate,1993,0.89 (0.38 to 1.42)
Deaths,China,Both,Age-standardized,Diabetes mellitus,Low physical activity,Rate,1994,0.90 (0.37 to 1.39)
Deaths,China,Both,Age-standardized,Diabetes mellitus,Low physical activity,Rate,1995,0.91 (0.39 to 1.42)
Deaths,China,Both,Age-standardized,Diabetes mellitus,Low physical activity,Rate,1996,0.92 (0.40 to 1.44)
Deaths,China,Both,Age-standardized,Diabetes mellitus,Low physical activity,Rate,1997,0.93 (0.40 to 1.45)
Deaths,China,Both,Age-standardized,Diabetes mellitus,Low physical activity,Rate,1998,0.95 (0.42 to 1.48)
Deaths,China,Both,Age-standardized,Diabetes mellitus,Low physical activity,Rate,1999,0.98 (0.44 to 1.53)
Deaths,China,Both,Age-standardized,Diabetes mellitus,Low physical activity,Rate,2000,1.02 (0.44 to 1.61)
Deaths,China,Both,Age-standardized,Diabetes mellitus,Low physical activity,Rate,2001,1.04 (0.47 to 1.60)
Deaths,China,Both,Age-standardized,Diabetes mellitus,Low physical activity,Rate,2002,1.05 (0.47 to 1.64)
Deaths,China,Both,Age-standardized,Diabetes mellitus,Low physical activity,Rate,2003,1.09 (0.49 to 1.69)
Deaths,China,Both,Age-standardized,Diabetes mellitus,Low physical activity,Rate,2004,1.12 (0.49 to 1.73)
Deaths,China,Both,Age-standardized,Diabetes mellitus,Low physical activity,Rate,2005,1.11 (0.48 to 1.73)
Deaths,China,Both,Age-standardized,Diabetes mellitus,Low physical activity,Rate,2006,1.02 (0.45 to 1.57)
Deaths,China,Both,Age-standardized,Diabetes mellitus,Low physical activity,Rate,2007,0.99 (0.44 to 1.51)
Deaths,China,Both,Age-standardized,Diabetes mellitus,Low physical activity,Rate,2008,0.98 (0.42 to 1.54)
Deaths,China,Both,Age-standardized,Diabetes mellitus,Low physical activity,Rate,2009,0.99 (0.44 to 1.54)
Deaths,China,Both,Age-standardized,Diabetes mellitus,Low physical activity,Rate,2010,0.99 (0.41 to 1.55)
Deaths,China,Both,Age-standardized,Diabetes mellitus,Low physical activity,Rate,2011,0.98 (0.41 to 1.50)
Deaths,China,Both,Age-standardized,Diabetes mellitus,Low physical activity,Rate,2012,0.95 (0.39 to 1.49)
Deaths,China,Both,Age-standardized,Diabetes mellitus,Low physical activity,Rate,2013,0.94 (0.41 to 1.46)
Deaths,China,Both,Age-standardized,Diabetes mellitus,Low physical activity,Rate,2014,0.94 (0.39 to 1.46)
Deaths,China,Both,Age-standardized,Diabetes mellitus,Low physical activity,Rate,2015,0.93 (0.40 to 1.45)
Deaths,China,Both,Age-standardized,Diabetes mellitus,Low physical activity,Rate,2016,0.93 (0.41 to 1.49)
Deaths,China,Both,Age-standardized,Diabetes mellitus,Low physical activity,Rate,2017,0.93 (0.39 to 1.49)
Deaths,China,Both,Age-standardized,Diabetes mellitus,Low physical activity,Rate,2018,0.92 (0.38 to 1.45)
Deaths,China,Both,Age-standardized,Diabetes mellitus,Low physical activity,Rate,2019,0.91 (0.40 to 1.45)
Deaths,China,Both,Age-standardized,Diabetes mellitus,Low physical activity,Rate,2020,0.90 (0.39 to 1.45)
Deaths,China,Both,Age-standardized,Lower extremity peripheral arterial disease,Low physical activity,Rate,2021,0.00 (0.00 to 0.01)
Deaths,China,Both,Age-standardized,Stroke,Low physical activity,Rate,1990,2.88 (-0.90 to 6.95)
Deaths,China,Both,Age-standardized,All causes,Low physical activity,Rate,1991,8.29 (3.03 to 14.69)
Deaths,China,Both,Age-standardized,All causes,Low physical activity,Rate,1992,8.24 (3.16 to 14.92)
Deaths,China,Both,Age-standardized,All causes,Low physical activity,Rate,1993,8.23 (2.98 to 14.96)
Deaths,China,Both,Age-standardized,All causes,Low physical activity,Rate,1994,8.20 (2.87 to 14.92)
Deaths,China,Both,Age-standardized,All causes,Low physical activity,Rate,1995,8.18 (2.97 to 14.65)
Deaths,China,Both,Age-standardized,All causes,Low physical activity,Rate,1996,8.14 (2.93 to 14.82)
Deaths,China,Both,Age-standardized,All causes,Low physical activity,Rate,1997,8.08 (2.89 to 14.72)
Deaths,China,Both,Age-standardized,All causes,Low physical activity,Rate,1998,8.15 (2.86 to 14.76)
Deaths,China,Both,Age-standardized,All causes,Low physical activity,Rate,1999,8.28 (2.91 to 15.42)
Deaths,China,Both,Age-standardized,All causes,Low physical activity,Rate,2000,8.59 (2.93 to 15.43)
Deaths,China,Both,Age-standardized,All causes,Low physical activity,Rate,2001,8.84 (2.93 to 15.85)
Deaths,China,Both,Age-standardized,All causes,Low physical activity,Rate,2002,9.00 (3.10 to 16.04)
Deaths,China,Both,Age-standardized,All causes,Low physical activity,Rate,2003,9.54 (3.24 to 17.18)
Deaths,China,Both,Age-standardized,All causes,Low physical activity,Rate,2004,9.83 (3.35 to 17.29)
Deaths,China,Both,Age-standardized,All causes,Low physical activity,Rate,2005,9.77 (3.46 to 17.72)
Deaths,China,Both,Age-standardized,All causes,Low physical activity,Rate,2006,9.08 (3.25 to 16.31)
Deaths,China,Both,Age-standardized,All causes,Low physical activity,Rate,2007,8.83 (3.18 to 16.13)
Deaths,China,Both,Age-standardized,All causes,Low physical activity,Rate,2008,8.88 (3.16 to 16.07)
Deaths,China,Both,Age-standardized,All causes,Low physical activity,Rate,2009,9.02 (3.25 to 16.54)
Deaths,China,Both,Age-standardized,All causes,Low physical activity,Rate,2010,9.16 (3.32 to 17.12)
Deaths,China,Both,Age-standardized,All causes,Low physical activity,Rate,2011,9.15 (3.22 to 16.47)
Deaths,China,Both,Age-standardized,All causes,Low physical activity,Rate,2012,8.83 (3.22 to 16.08)
Deaths,China,Both,Age-standardized,All causes,Low physical activity,Rate,2013,8.78 (3.14 to 16.07)
Deaths,China,Both,Age-standardized,All causes,Low physical activity,Rate,2014,8.63 (3.11 to 15.78)
Deaths,China,Both,Age-standardized,All causes,Low physical activity,Rate,2015,8.42 (3.10 to 15.30)
Deaths,China,Both,Age-standardized,All causes,Low physical activity,Rate,2016,8.36 (3.16 to 15.50)
Deaths,China,Both,Age-standardized,All causes,Low physical activity,Rate,2017,8.32 (3.18 to 15.35)
Deaths,China,Both,Age-standardized,All causes,Low physical activity,Rate,2018,8.25 (3.03 to 14.94)
Deaths,China,Both,Age-standardized,All causes,Low physical activity,Rate,2019,8.22 (3.04 to 14.88)
Deaths,China,Both,Age-standardized,All causes,Low physical activity,Rate,2020,8.20 (2.90 to 15.18)
Deaths,China,Both,Age-standardized,Stroke,Low physical activity,Rate,2021,2.29 (-1.04 to 6.20)
Deaths,China,Both,Age-standardized,Tuberculosis,Low physical activity,Rate,1990,0.17 (0.05 to 0.33)
Deaths,China,Both,Age-standardized,Chronic kidney disease,Low physical activity,Rate,1991,0.55 (0.22 to 0.95)
Deaths,China,Both,Age-standardized,Chronic kidney disease,Low physical activity,Rate,1992,0.55 (0.21 to 0.97)
Deaths,China,Both,Age-standardized,Chronic kidney disease,Low physical activity,Rate,1993,0.54 (0.21 to 0.93)
Deaths,China,Both,Age-standardized,Chronic kidney disease,Low physical activity,Rate,1994,0.54 (0.21 to 0.95)
Deaths,China,Both,Age-standardized,Chronic kidney disease,Low physical activity,Rate,1995,0.53 (0.21 to 0.93)
Deaths,China,Both,Age-standardized,Chronic kidney disease,Low physical activity,Rate,1996,0.52 (0.21 to 0.91)
Deaths,China,Both,Age-standardized,Chronic kidney disease,Low physical activity,Rate,1997,0.50 (0.20 to 0.88)
Deaths,China,Both,Age-standardized,Chronic kidney disease,Low physical activity,Rate,1998,0.48 (0.19 to 0.85)
Deaths,China,Both,Age-standardized,Chronic kidney disease,Low physical activity,Rate,1999,0.47 (0.18 to 0.82)
Deaths,China,Both,Age-standardized,Chronic kidney disease,Low physical activity,Rate,2000,0.47 (0.19 to 0.83)
Deaths,China,Both,Age-standardized,Chronic kidney disease,Low physical activity,Rate,2001,0.48 (0.19 to 0.84)
Deaths,China,Both,Age-standardized,Chronic kidney disease,Low physical activity,Rate,2002,0.49 (0.20 to 0.86)
Deaths,China,Both,Age-standardized,Chronic kidney disease,Low physical activity,Rate,2003,0.51 (0.20 to 0.88)
Deaths,China,Both,Age-standardized,Chronic kidney disease,Low physical activity,Rate,2004,0.53 (0.21 to 0.91)
Deaths,China,Both,Age-standardized,Chronic kidney disease,Low physical activity,Rate,2005,0.52 (0.20 to 0.92)
Deaths,China,Both,Age-standardized,Chronic kidney disease,Low physical activity,Rate,2006,0.49 (0.19 to 0.85)
Deaths,China,Both,Age-standardized,Chronic kidney disease,Low physical activity,Rate,2007,0.48 (0.19 to 0.85)
Deaths,China,Both,Age-standardized,Chronic kidney disease,Low physical activity,Rate,2008,0.48 (0.20 to 0.82)
Deaths,China,Both,Age-standardized,Chronic kidney disease,Low physical activity,Rate,2009,0.49 (0.20 to 0.82)
Deaths,China,Both,Age-standardized,Chronic kidney disease,Low physical activity,Rate,2010,0.50 (0.20 to 0.85)
Deaths,China,Both,Age-standardized,Chronic kidney disease,Low physical activity,Rate,2011,0.49 (0.20 to 0.84)
Deaths,China,Both,Age-standardized,Chronic kidney disease,Low physical activity,Rate,2012,0.47 (0.19 to 0.81)
Deaths,China,Both,Age-standardized,Chronic kidney disease,Low physical activity,Rate,2013,0.47 (0.19 to 0.81)
Deaths,China,Both,Age-standardized,Chronic kidney disease,Low physical activity,Rate,2014,0.46 (0.19 to 0.80)
Deaths,China,Both,Age-standardized,Chronic kidney disease,Low physical activity,Rate,2015,0.45 (0.18 to 0.78)
Deaths,China,Both,Age-standardized,Chronic kidney disease,Low physical activity,Rate,2016,0.45 (0.17 to 0.78)
Deaths,China,Both,Age-standardized,Chronic kidney disease,Low physical activity,Rate,2017,0.45 (0.17 to 0.80)
Deaths,China,Both,Age-standardized,Chronic kidney disease,Low physical activity,Rate,2018,0.45 (0.18 to 0.79)
Deaths,China,Both,Age-standardized,Chronic kidney disease,Low physical activity,Rate,2019,0.45 (0.18 to 0.79)
Deaths,China,Both,Age-standardized,Chronic kidney disease,Low physical activity,Rate,2020,0.45 (0.18 to 0.79)
Deaths,China,Both,Age-standardized,Tuberculosis,Low physical activity,Rate,2021,0.02 (0.01 to 0.04)
DALYs (Disability-Adjusted Life Years),China,Both,Age-standardized,All causes,Low physical activity,Rate,1990,168.93 (70.81 to 276.67)
DALYs (Disability-Adjusted Life Years),China,Both,Age-standardized,Ischemic heart disease,Low physical activity,Rate,1991,40.16 (16.65 to 69.66)
DALYs (Disability-Adjusted Life Years),China,Both,Age-standardized,Ischemic heart disease,Low physical activity,Rate,1992,39.80 (16.50 to 69.61)
DALYs (Disability-Adjusted Life Years),China,Both,Age-standardized,Ischemic heart disease,Low physical activity,Rate,1993,39.65 (16.10 to 67.56)
DALYs (Disability-Adjusted Life Years),China,Both,Age-standardized,Ischemic heart disease,Low physical activity,Rate,1994,39.38 (16.52 to 65.62)
DALYs (Disability-Adjusted Life Years),China,Both,Age-standardized,Ischemic heart disease,Low physical activity,Rate,1995,39.19 (16.71 to 67.07)
DALYs (Disability-Adjusted Life Years),China,Both,Age-standardized,Ischemic heart disease,Low physical activity,Rate,1996,38.98 (16.23 to 66.70)
DALYs (Disability-Adjusted Life Years),China,Both,Age-standardized,Ischemic heart disease,Low physical activity,Rate,1997,38.91 (15.62 to 65.08)
DALYs (Disability-Adjusted Life Years),China,Both,Age-standardized,Ischemic heart disease,Low physical activity,Rate,1998,39.50 (16.62 to 65.36)
DALYs (Disability-Adjusted Life Years),China,Both,Age-standardized,Ischemic heart disease,Low physical activity,Rate,1999,40.42 (16.90 to 67.34)
DALYs (Disability-Adjusted Life Years),China,Both,Age-standardized,Ischemic heart disease,Low physical activity,Rate,2000,42.36 (17.57 to 71.52)
DALYs (Disability-Adjusted Life Years),China,Both,Age-standardized,Ischemic heart disease,Low physical activity,Rate,2001,44.02 (17.96 to 72.41)
DALYs (Disability-Adjusted Life Years),China,Both,Age-standardized,Ischemic heart disease,Low physical activity,Rate,2002,45.77 (18.69 to 76.12)
DALYs (Disability-Adjusted Life Years),China,Both,Age-standardized,Ischemic heart disease,Low physical activity,Rate,2003,49.60 (20.86 to 80.59)
DALYs (Disability-Adjusted Life Years),China,Both,Age-standardized,Ischemic heart disease,Low physical activity,Rate,2004,51.70 (21.26 to 83.28)
DALYs (Disability-Adjusted Life Years),China,Both,Age-standardized,Ischemic heart disease,Low physical activity,Rate,2005,52.05 (21.49 to 86.76)
DALYs (Disability-Adjusted Life Years),China,Both,Age-standardized,Ischemic heart disease,Low physical activity,Rate,2006,48.92 (19.78 to 80.74)
DALYs (Disability-Adjusted Life Years),China,Both,Age-standardized,Ischemic heart disease,Low physical activity,Rate,2007,47.90 (19.24 to 78.05)
DALYs (Disability-Adjusted Life Years),China,Both,Age-standardized,Ischemic heart disease,Low physical activity,Rate,2008,48.65 (20.22 to 82.59)
DALYs (Disability-Adjusted Life Years),China,Both,Age-standardized,Ischemic heart disease,Low physical activity,Rate,2009,49.96 (19.99 to 84.52)
DALYs (Disability-Adjusted Life Years),China,Both,Age-standardized,Ischemic heart disease,Low physical activity,Rate,2010,51.34 (21.05 to 87.87)
DALYs (Disability-Adjusted Life Years),China,Both,Age-standardized,Ischemic heart disease,Low physical activity,Rate,2011,52.15 (21.31 to 87.61)
DALYs (Disability-Adjusted Life Years),China,Both,Age-standardized,Ischemic heart disease,Low physical activity,Rate,2012,50.45 (20.14 to 85.98)
DALYs (Disability-Adjusted Life Years),China,Both,Age-standardized,Ischemic heart disease,Low physical activity,Rate,2013,50.76 (20.45 to 86.45)
DALYs (Disability-Adjusted Life Years),China,Both,Age-standardized,Ischemic heart disease,Low physical activity,Rate,2014,49.85 (21.15 to 84.17)
DALYs (Disability-Adjusted Life Years),China,Both,Age-standardized,Ischemic heart disease,Low physical activity,Rate,2015,48.26 (19.50 to 82.72)
DALYs (Disability-Adjusted Life Years),China,Both,Age-standardized,Ischemic heart disease,Low physical activity,Rate,2016,47.42 (20.20 to 82.34)
DALYs (Disability-Adjusted Life Years),China,Both,Age-standardized,Ischemic heart disease,Low physical activity,Rate,2017,47.21 (19.70 to 81.74)
DALYs (Disability-Adjusted Life Years),China,Both,Age-standardized,Ischemic heart disease,Low physical activity,Rate,2018,46.86 (19.82 to 81.12)
DALYs (Disability-Adjusted Life Years),China,Both,Age-standardized,Ischemic heart disease,Low physical activity,Rate,2019,46.53 (19.52 to 84.14)
DALYs (Disability-Adjusted Life Years),China,Both,Age-standardized,Ischemic heart disease,Low physical activity,Rate,2020,46.38 (18.40 to 81.02)
DALYs (Disability-Adjusted Life Years),China,Both,Age-standardized,All causes,Low physical activity,Rate,2021,162.52 (66.38 to 269.91)
DALYs (Disability-Adjusted Life Years),China,Both,Age-standardized,Breast cancer,Low physical activity,Rate,1990,2.56 (0.50 to 4.76)
DALYs (Disability-Adjusted Life Years),China,Both,Age-standardized,Stroke,Low physical activity,Rate,1991,62.45 (11.50 to 124.85)
DALYs (Disability-Adjusted Life Years),China,Both,Age-standardized,Stroke,Low physical activity,Rate,1992,62.11 (11.98 to 123.21)
DALYs (Disability-Adjusted Life Years),China,Both,Age-standardized,Stroke,Low physical activity,Rate,1993,61.90 (11.19 to 125.84)
DALYs (Disability-Adjusted Life Years),China,Both,Age-standardized,Stroke,Low physical activity,Rate,1994,61.32 (11.67 to 119.94)
DALYs (Disability-Adjusted Life Years),China,Both,Age-standardized,Stroke,Low physical activity,Rate,1995,60.89 (11.68 to 120.72)
DALYs (Disability-Adjusted Life Years),China,Both,Age-standardized,Stroke,Low physical activity,Rate,1996,60.19 (11.11 to 119.91)
DALYs (Disability-Adjusted Life Years),China,Both,Age-standardized,Stroke,Low physical activity,Rate,1997,59.21 (9.29 to 118.33)
DALYs (Disability-Adjusted Life Years),China,Both,Age-standardized,Stroke,Low physical activity,Rate,1998,59.22 (7.70 to 117.90)
DALYs (Disability-Adjusted Life Years),China,Both,Age-standardized,Stroke,Low physical activity,Rate,1999,59.56 (8.21 to 123.16)
DALYs (Disability-Adjusted Life Years),China,Both,Age-standardized,Stroke,Low physical activity,Rate,2000,61.05 (7.84 to 125.55)
DALYs (Disability-Adjusted Life Years),China,Both,Age-standardized,Stroke,Low physical activity,Rate,2001,61.77 (5.49 to 125.82)
DALYs (Disability-Adjusted Life Years),China,Both,Age-standardized,Stroke,Low physical activity,Rate,2002,61.94 (5.89 to 127.02)
DALYs (Disability-Adjusted Life Years),China,Both,Age-standardized,Stroke,Low physical activity,Rate,2003,63.57 (5.67 to 129.48)
DALYs (Disability-Adjusted Life Years),China,Both,Age-standardized,Stroke,Low physical activity,Rate,2004,64.38 (5.27 to 132.04)
DALYs (Disability-Adjusted Life Years),China,Both,Age-standardized,Stroke,Low physical activity,Rate,2005,63.03 (4.91 to 131.34)
DALYs (Disability-Adjusted Life Years),China,Both,Age-standardized,Stroke,Low physical activity,Rate,2006,58.85 (6.09 to 118.99)
DALYs (Disability-Adjusted Life Years),China,Both,Age-standardized,Stroke,Low physical activity,Rate,2007,56.85 (6.32 to 117.81)
DALYs (Disability-Adjusted Life Years),China,Both,Age-standardized,Stroke,Low physical activity,Rate,2008,56.45 (5.51 to 115.99)
DALYs (Disability-Adjusted Life Years),China,Both,Age-standardized,Stroke,Low physical activity,Rate,2009,56.58 (6.03 to 116.25)
DALYs (Disability-Adjusted Life Years),China,Both,Age-standardized,Stroke,Low physical activity,Rate,2010,56.58 (5.17 to 116.76)
DALYs (Disability-Adjusted Life Years),China,Both,Age-standardized,Stroke,Low physical activity,Rate,2011,56.10 (6.02 to 116.25)
DALYs (Disability-Adjusted Life Years),China,Both,Age-standardized,Stroke,Low physical activity,Rate,2012,55.19 (7.13 to 113.90)
DALYs (Disability-Adjusted Life Years),China,Both,Age-standardized,Stroke,Low physical activity,Rate,2013,54.37 (5.51 to 112.57)
DALYs (Disability-Adjusted Life Years),China,Both,Age-standardized,Stroke,Low physical activity,Rate,2014,53.39 (4.99 to 111.16)
DALYs (Disability-Adjusted Life Years),China,Both,Age-standardized,Stroke,Low physical activity,Rate,2015,52.65 (5.28 to 107.34)
DALYs (Disability-Adjusted Life Years),China,Both,Age-standardized,Stroke,Low physical activity,Rate,2016,52.47 (4.85 to 111.68)
DALYs (Disability-Adjusted Life Years),China,Both,Age-standardized,Stroke,Low physical activity,Rate,2017,52.24 (5.18 to 111.80)
DALYs (Disability-Adjusted Life Years),China,Both,Age-standardized,Stroke,Low physical activity,Rate,2018,51.75 (4.79 to 105.97)
DALYs (Disability-Adjusted Life Years),China,Both,Age-standardized,Stroke,Low physical activity,Rate,2019,51.62 (4.72 to 109.37)
DALYs (Disability-Adjusted Life Years),China,Both,Age-standardized,Stroke,Low physical activity,Rate,2020,51.37 (4.82 to 111.15)
DALYs (Disability-Adjusted Life Years),China,Both,Age-standardized,Breast cancer,Low physical activity,Rate,2021,2.61 (0.47 to 4.91)
DALYs (Disability-Adjusted Life Years),China,Both,Age-standardized,Chronic kidney disease,Low physical activity,Rate,1990,11.04 (4.45 to 19.52)
DALYs (Disability-Adjusted Life Years),China,Both,Age-standardized,Lower extremity peripheral arterial disease,Low physical activity,Rate,1991,0.28 (0.07 to 0.61)
DALYs (Disability-Adjusted Life Years),China,Both,Age-standardized,Lower extremity peripheral arterial disease,Low physical activity,Rate,1992,0.28 (0.07 to 0.62)
DALYs (Disability-Adjusted Life Years),China,Both,Age-standardized,Lower extremity peripheral arterial disease,Low physical activity,Rate,1993,0.29 (0.07 to 0.62)
DALYs (Disability-Adjusted Life Years),China,Both,Age-standardized,Lower extremity peripheral arterial disease,Low physical activity,Rate,1994,0.29 (0.07 to 0.63)
DALYs (Disability-Adjusted Life Years),China,Both,Age-standardized,Lower extremity peripheral arterial disease,Low physical activity,Rate,1995,0.29 (0.07 to 0.64)
DALYs (Disability-Adjusted Life Years),China,Both,Age-standardized,Lower extremity peripheral arterial disease,Low physical activity,Rate,1996,0.28 (0.07 to 0.63)
DALYs (Disability-Adjusted Life Years),China,Both,Age-standardized,Lower extremity peripheral arterial disease,Low physical activity,Rate,1997,0.27 (0.06 to 0.60)
DALYs (Disability-Adjusted Life Years),China,Both,Age-standardized,Lower extremity peripheral arterial disease,Low physical activity,Rate,1998,0.26 (0.06 to 0.58)
DALYs (Disability-Adjusted Life Years),China,Both,Age-standardized,Lower extremity peripheral arterial disease,Low physical activity,Rate,1999,0.25 (0.06 to 0.55)
DALYs (Disability-Adjusted Life Years),China,Both,Age-standardized,Lower extremity peripheral arterial disease,Low physical activity,Rate,2000,0.25 (0.06 to 0.53)
DALYs (Disability-Adjusted Life Years),China,Both,Age-standardized,Lower extremity peripheral arterial disease,Low physical activity,Rate,2001,0.25 (0.06 to 0.53)
DALYs (Disability-Adjusted Life Years),China,Both,Age-standardized,Lower extremity peripheral arterial disease,Low physical activity,Rate,2002,0.26 (0.06 to 0.55)
DALYs (Disability-Adjusted Life Years),China,Both,Age-standardized,Lower extremity peripheral arterial disease,Low physical activity,Rate,2003,0.26 (0.06 to 0.56)
DALYs (Disability-Adjusted Life Years),China,Both,Age-standardized,Lower extremity peripheral arterial disease,Low physical activity,Rate,2004,0.27 (0.06 to 0.58)
DALYs (Disability-Adjusted Life Years),China,Both,Age-standardized,Lower extremity peripheral arterial disease,Low physical activity,Rate,2005,0.27 (0.06 to 0.59)
DALYs (Disability-Adjusted Life Years),China,Both,Age-standardized,Lower extremity peripheral arterial disease,Low physical activity,Rate,2006,0.27 (0.06 to 0.59)
DALYs (Disability-Adjusted Life Years),China,Both,Age-standardized,Lower extremity peripheral arterial disease,Low physical activity,Rate,2007,0.27 (0.06 to 0.58)
DALYs (Disability-Adjusted Life Years),China,Both,Age-standardized,Lower extremity peripheral arterial disease,Low physical activity,Rate,2008,0.27 (0.06 to 0.58)
DALYs (Disability-Adjusted Life Years),China,Both,Age-standardized,Lower extremity peripheral arterial disease,Low physical activity,Rate,2009,0.27 (0.06 to 0.58)
DALYs (Disability-Adjusted Life Years),China,Both,Age-standardized,Lower extremity peripheral arterial disease,Low physical activity,Rate,2010,0.27 (0.06 to 0.58)
DALYs (Disability-Adjusted Life Years),China,Both,Age-standardized,Lower extremity peripheral arterial disease,Low physical activity,Rate,2011,0.26 (0.06 to 0.56)
DALYs (Disability-Adjusted Life Years),China,Both,Age-standardized,Lower extremity peripheral arterial disease,Low physical activity,Rate,2012,0.25 (0.06 to 0.55)
DALYs (Disability-Adjusted Life Years),China,Both,Age-standardized,Lower extremity peripheral arterial disease,Low physical activity,Rate,2013,0.25 (0.06 to 0.54)
DALYs (Disability-Adjusted Life Years),China,Both,Age-standardized,Lower extremity peripheral arterial disease,Low physical activity,Rate,2014,0.24 (0.06 to 0.52)
DALYs (Disability-Adjusted Life Years),China,Both,Age-standardized,Lower extremity peripheral arterial disease,Low physical activity,Rate,2015,0.24 (0.06 to 0.52)
DALYs (Disability-Adjusted Life Years),China,Both,Age-standardized,Lower extremity peripheral arterial disease,Low physical activity,Rate,2016,0.24 (0.06 to 0.51)
DALYs (Disability-Adjusted Life Years),China,Both,Age-standardized,Lower extremity peripheral arterial disease,Low physical activity,Rate,2017,0.24 (0.06 to 0.52)
DALYs (Disability-Adjusted Life Years),China,Both,Age-standardized,Lower extremity peripheral arterial disease,Low physical activity,Rate,2018,0.24 (0.06 to 0.51)
DALYs (Disability-Adjusted Life Years),China,Both,Age-standardized,Lower extremity peripheral arterial disease,Low physical activity,Rate,2019,0.25 (0.06 to 0.52)
DALYs (Disability-Adjusted Life Years),China,Both,Age-standardized,Lower extremity peripheral arterial disease,Low physical activity,Rate,2020,0.25 (0.06 to 0.52)
DALYs (Disability-Adjusted Life Years),China,Both,Age-standardized,Chronic kidney disease,Low physical activity,Rate,2021,9.43 (3.59 to 16.48)
DALYs (Disability-Adjusted Life Years),China,Both,Age-standardized,Colon and rectum cancer,Low physical activity,Rate,1990,17.12 (10.06 to 24.93)
DALYs (Disability-Adjusted Life Years),China,Both,Age-standardized,Diabetes mellitus,Low physical activity,Rate,1991,30.48 (12.57 to 48.15)
DALYs (Disability-Adjusted Life Years),China,Both,Age-standardized,Diabetes mellitus,Low physical activity,Rate,1992,31.03 (12.78 to 48.63)
DALYs (Disability-Adjusted Life Years),China,Both,Age-standardized,Diabetes mellitus,Low physical activity,Rate,1993,31.55 (12.97 to 49.55)
DALYs (Disability-Adjusted Life Years),China,Both,Age-standardized,Diabetes mellitus,Low physical activity,Rate,1994,32.02 (12.99 to 49.65)
DALYs (Disability-Adjusted Life Years),China,Both,Age-standardized,Diabetes mellitus,Low physical activity,Rate,1995,32.38 (13.23 to 51.11)
DALYs (Disability-Adjusted Life Years),China,Both,Age-standardized,Diabetes mellitus,Low physical activity,Rate,1996,32.65 (13.48 to 51.21)
DALYs (Disability-Adjusted Life Years),China,Both,Age-standardized,Diabetes mellitus,Low physical activity,Rate,1997,32.89 (13.70 to 51.71)
DALYs (Disability-Adjusted Life Years),China,Both,Age-standardized,Diabetes mellitus,Low physical activity,Rate,1998,33.44 (14.03 to 52.74)
DALYs (Disability-Adjusted Life Years),China,Both,Age-standardized,Diabetes mellitus,Low physical activity,Rate,1999,33.96 (14.26 to 52.94)
DALYs (Disability-Adjusted Life Years),China,Both,Age-standardized,Diabetes mellitus,Low physical activity,Rate,2000,34.49 (14.92 to 53.99)
DALYs (Disability-Adjusted Life Years),China,Both,Age-standardized,Diabetes mellitus,Low physical activity,Rate,2001,34.86 (14.89 to 54.77)
DALYs (Disability-Adjusted Life Years),China,Both,Age-standardized,Diabetes mellitus,Low physical activity,Rate,2002,35.18 (15.20 to 54.83)
DALYs (Disability-Adjusted Life Years),China,Both,Age-standardized,Diabetes mellitus,Low physical activity,Rate,2003,35.87 (15.37 to 56.14)
DALYs (Disability-Adjusted Life Years),China,Both,Age-standardized,Diabetes mellitus,Low physical activity,Rate,2004,36.38 (16.01 to 56.27)
DALYs (Disability-Adjusted Life Years),China,Both,Age-standardized,Diabetes mellitus,Low physical activity,Rate,2005,36.09 (15.81 to 57.08)
DALYs (Disability-Adjusted Life Years),China,Both,Age-standardized,Diabetes mellitus,Low physical activity,Rate,2006,34.82 (15.58 to 54.58)
DALYs (Disability-Adjusted Life Years),China,Both,Age-standardized,Diabetes mellitus,Low physical activity,Rate,2007,34.21 (15.12 to 53.39)
DALYs (Disability-Adjusted Life Years),China,Both,Age-standardized,Diabetes mellitus,Low physical activity,Rate,2008,34.14 (15.10 to 53.18)
DALYs (Disability-Adjusted Life Years),China,Both,Age-standardized,Diabetes mellitus,Low physical activity,Rate,2009,34.29 (15.23 to 53.91)
DALYs (Disability-Adjusted Life Years),China,Both,Age-standardized,Diabetes mellitus,Low physical activity,Rate,2010,34.44 (15.48 to 54.02)
DALYs (Disability-Adjusted Life Years),China,Both,Age-standardized,Diabetes mellitus,Low physical activity,Rate,2011,34.37 (15.49 to 54.12)
DALYs (Disability-Adjusted Life Years),China,Both,Age-standardized,Diabetes mellitus,Low physical activity,Rate,2012,34.13 (15.49 to 54.59)
DALYs (Disability-Adjusted Life Years),China,Both,Age-standardized,Diabetes mellitus,Low physical activity,Rate,2013,34.05 (15.41 to 54.37)
DALYs (Disability-Adjusted Life Years),China,Both,Age-standardized,Diabetes mellitus,Low physical activity,Rate,2014,34.08 (15.32 to 53.82)
DALYs (Disability-Adjusted Life Years),China,Both,Age-standardized,Diabetes mellitus,Low physical activity,Rate,2015,34.11 (15.03 to 54.52)
DALYs (Disability-Adjusted Life Years),China,Both,Age-standardized,Diabetes mellitus,Low physical activity,Rate,2016,34.50 (15.34 to 54.13)
DALYs (Disability-Adjusted Life Years),China,Both,Age-standardized,Diabetes mellitus,Low physical activity,Rate,2017,35.18 (15.48 to 55.25)
DALYs (Disability-Adjusted Life Years),China,Both,Age-standardized,Diabetes mellitus,Low physical activity,Rate,2018,35.78 (15.63 to 57.36)
DALYs (Disability-Adjusted Life Years),China,Both,Age-standardized,Diabetes mellitus,Low physical activity,Rate,2019,36.11 (15.66 to 58.14)
DALYs (Disability-Adjusted Life Years),China,Both,Age-standardized,Diabetes mellitus,Low physical activity,Rate,2020,36.25 (15.97 to 57.93)
DALYs (Disability-Adjusted Life Years),China,Both,Age-standardized,Colon and rectum cancer,Low physical activity,Rate,2021,15.63 (9.47 to 22.88)
DALYs (Disability-Adjusted Life Years),China,Both,Age-standardized,Diabetes mellitus,Low physical activity,Rate,1990,30.12 (12.64 to 46.95)
DALYs (Disability-Adjusted Life Years),China,Both,Age-standardized,Breast cancer,Low physical activity,Rate,1991,2.56 (0.50 to 4.69)
DALYs (Disability-Adjusted Life Years),China,Both,Age-standardized,Breast cancer,Low physical activity,Rate,1992,2.58 (0.54 to 4.75)
DALYs (Disability-Adjusted Life Years),China,Both,Age-standardized,Breast cancer,Low physical activity,Rate,1993,2.58 (0.52 to 4.68)
DALYs (Disability-Adjusted Life Years),China,Both,Age-standardized,Breast cancer,Low physical activity,Rate,1994,2.60 (0.52 to 4.71)
DALYs (Disability-Adjusted Life Years),China,Both,Age-standardized,Breast cancer,Low physical activity,Rate,1995,2.61 (0.53 to 4.66)
DALYs (Disability-Adjusted Life Years),China,Both,Age-standardized,Breast cancer,Low physical activity,Rate,1996,2.61 (0.53 to 4.71)
DALYs (Disability-Adjusted Life Years),China,Both,Age-standardized,Breast cancer,Low physical activity,Rate,1997,2.59 (0.53 to 4.65)
DALYs (Disability-Adjusted Life Years),China,Both,Age-standardized,Breast cancer,Low physical activity,Rate,1998,2.60 (0.53 to 4.65)
DALYs (Disability-Adjusted Life Years),China,Both,Age-standardized,Breast cancer,Low physical activity,Rate,1999,2.63 (0.53 to 4.71)
DALYs (Disability-Adjusted Life Years),China,Both,Age-standardized,Breast cancer,Low physical activity,Rate,2000,2.63 (0.55 to 4.73)
DALYs (Disability-Adjusted Life Years),China,Both,Age-standardized,Breast cancer,Low physical activity,Rate,2001,2.61 (0.54 to 4.67)
DALYs (Disability-Adjusted Life Years),China,Both,Age-standardized,Breast cancer,Low physical activity,Rate,2002,2.57 (0.55 to 4.62)
DALYs (Disability-Adjusted Life Years),China,Both,Age-standardized,Breast cancer,Low physical activity,Rate,2003,2.56 (0.53 to 4.57)
DALYs (Disability-Adjusted Life Years),China,Both,Age-standardized,Breast cancer,Low physical activity,Rate,2004,2.56 (0.52 to 4.48)
DALYs (Disability-Adjusted Life Years),China,Both,Age-standardized,Breast cancer,Low physical activity,Rate,2005,2.55 (0.53 to 4.51)
DALYs (Disability-Adjusted Life Years),China,Both,Age-standardized,Breast cancer,Low physical activity,Rate,2006,2.51 (0.53 to 4.55)
DALYs (Disability-Adjusted Life Years),China,Both,Age-standardized,Breast cancer,Low physical activity,Rate,2007,2.49 (0.51 to 4.49)
DALYs (Disability-Adjusted Life Years),China,Both,Age-standardized,Breast cancer,Low physical activity,Rate,2008,2.48 (0.50 to 4.39)
DALYs (Disability-Adjusted Life Years),China,Both,Age-standardized,Breast cancer,Low physical activity,Rate,2009,2.46 (0.49 to 4.29)
DALYs (Disability-Adjusted Life Years),China,Both,Age-standardized,Breast cancer,Low physical activity,Rate,2010,2.48 (0.49 to 4.40)
DALYs (Disability-Adjusted Life Years),China,Both,Age-standardized,Breast cancer,Low physical activity,Rate,2011,2.47 (0.50 to 4.56)
DALYs (Disability-Adjusted Life Years),China,Both,Age-standardized,Breast cancer,Low physical activity,Rate,2012,2.42 (0.47 to 4.44)
DALYs (Disability-Adjusted Life Years),China,Both,Age-standardized,Breast cancer,Low physical activity,Rate,2013,2.37 (0.48 to 4.17)
DALYs (Disability-Adjusted Life Years),China,Both,Age-standardized,Breast cancer,Low physical activity,Rate,2014,2.34 (0.44 to 4.34)
DALYs (Disability-Adjusted Life Years),China,Both,Age-standardized,Breast cancer,Low physical activity,Rate,2015,2.33 (0.45 to 4.11)
DALYs (Disability-Adjusted Life Years),China,Both,Age-standardized,Breast cancer,Low physical activity,Rate,2016,2.36 (0.47 to 4.21)
DALYs (Disability-Adjusted Life Years),China,Both,Age-standardized,Breast cancer,Low physical activity,Rate,2017,2.42 (0.46 to 4.32)
DALYs (Disability-Adjusted Life Years),China,Both,Age-standardized,Breast cancer,Low physical activity,Rate,2018,2.47 (0.49 to 4.56)
DALYs (Disability-Adjusted Life Years),China,Both,Age-standardized,Breast cancer,Low physical activity,Rate,2019,2.54 (0.48 to 4.71)
DALYs (Disability-Adjusted Life Years),China,Both,Age-standardized,Breast cancer,Low physical activity,Rate,2020,2.58 (0.47 to 4.58)
DALYs (Disability-Adjusted Life Years),China,Both,Age-standardized,Diabetes mellitus,Low physical activity,Rate,2021,36.54 (15.85 to 58.04)
DALYs (Disability-Adjusted Life Years),China,Both,Age-standardized,Ischemic heart disease,Low physical activity,Rate,1990,40.72 (16.75 to 71.08)
DALYs (Disability-Adjusted Life Years),China,Both,Age-standardized,Colon and rectum cancer,Low physical activity,Rate,1991,16.96 (9.89 to 25.10)
DALYs (Disability-Adjusted Life Years),China,Both,Age-standardized,Colon and rectum cancer,Low physical activity,Rate,1992,16.83 (10.08 to 24.29)
DALYs (Disability-Adjusted Life Years),China,Both,Age-standardized,Colon and rectum cancer,Low physical activity,Rate,1993,16.69 (9.92 to 24.20)
DALYs (Disability-Adjusted Life Years),China,Both,Age-standardized,Colon and rectum cancer,Low physical activity,Rate,1994,16.50 (9.71 to 23.61)
DALYs (Disability-Adjusted Life Years),China,Both,Age-standardized,Colon and rectum cancer,Low physical activity,Rate,1995,16.34 (9.85 to 23.50)
DALYs (Disability-Adjusted Life Years),China,Both,Age-standardized,Colon and rectum cancer,Low physical activity,Rate,1996,16.09 (9.95 to 22.97)
DALYs (Disability-Adjusted Life Years),China,Both,Age-standardized,Colon and rectum cancer,Low physical activity,Rate,1997,15.83 (9.52 to 22.27)
DALYs (Disability-Adjusted Life Years),China,Both,Age-standardized,Colon and rectum cancer,Low physical activity,Rate,1998,15.71 (9.73 to 22.09)
DALYs (Disability-Adjusted Life Years),China,Both,Age-standardized,Colon and rectum cancer,Low physical activity,Rate,1999,15.65 (9.60 to 22.19)
DALYs (Disability-Adjusted Life Years),China,Both,Age-standardized,Colon and rectum cancer,Low physical activity,Rate,2000,15.71 (9.58 to 22.44)
DALYs (Disability-Adjusted Life Years),China,Both,Age-standardized,Colon and rectum cancer,Low physical activity,Rate,2001,15.65 (9.69 to 21.89)
DALYs (Disability-Adjusted Life Years),China,Both,Age-standardized,Colon and rectum cancer,Low physical activity,Rate,2002,15.45 (9.48 to 21.57)
DALYs (Disability-Adjusted Life Years),China,Both,Age-standardized,Colon and rectum cancer,Low physical activity,Rate,2003,15.55 (9.50 to 21.84)
DALYs (Disability-Adjusted Life Years),China,Both,Age-standardized,Colon and rectum cancer,Low physical activity,Rate,2004,15.71 (9.55 to 21.70)
DALYs (Disability-Adjusted Life Years),China,Both,Age-standardized,Colon and rectum cancer,Low physical activity,Rate,2005,15.55 (9.45 to 21.70)
DALYs (Disability-Adjusted Life Years),China,Both,Age-standardized,Colon and rectum cancer,Low physical activity,Rate,2006,14.82 (9.31 to 20.67)
DALYs (Disability-Adjusted Life Years),China,Both,Age-standardized,Colon and rectum cancer,Low physical activity,Rate,2007,14.54 (9.00 to 20.41)
DALYs (Disability-Adjusted Life Years),China,Both,Age-standardized,Colon and rectum cancer,Low physical activity,Rate,2008,14.59 (9.20 to 20.21)
DALYs (Disability-Adjusted Life Years),China,Both,Age-standardized,Colon and rectum cancer,Low physical activity,Rate,2009,14.73 (9.11 to 20.51)
DALYs (Disability-Adjusted Life Years),China,Both,Age-standardized,Colon and rectum cancer,Low physical activity,Rate,2010,14.89 (9.15 to 20.81)
DALYs (Disability-Adjusted Life Years),China,Both,Age-standardized,Colon and rectum cancer,Low physical activity,Rate,2011,14.97 (9.04 to 21.02)
DALYs (Disability-Adjusted Life Years),China,Both,Age-standardized,Colon and rectum cancer,Low physical activity,Rate,2012,14.80 (8.98 to 20.56)
DALYs (Disability-Adjusted Life Years),China,Both,Age-standardized,Colon and rectum cancer,Low physical activity,Rate,2013,14.60 (8.95 to 20.46)
DALYs (Disability-Adjusted Life Years),China,Both,Age-standardized,Colon and rectum cancer,Low physical activity,Rate,2014,14.46 (8.66 to 20.11)
DALYs (Disability-Adjusted Life Years),China,Both,Age-standardized,Colon and rectum cancer,Low physical activity,Rate,2015,14.52 (8.65 to 20.32)
DALYs (Disability-Adjusted Life Years),China,Both,Age-standardized,Colon and rectum cancer,Low physical activity,Rate,2016,14.73 (9.26 to 21.03)
DALYs (Disability-Adjusted Life Years),China,Both,Age-standardized,Colon and rectum cancer,Low physical activity,Rate,2017,14.89 (9.28 to 21.60)
DALYs (Disability-Adjusted Life Years),China,Both,Age-standardized,Colon and rectum cancer,Low physical activity,Rate,2018,15.11 (9.07 to 21.50)
DALYs (Disability-Adjusted Life Years),China,Both,Age-standardized,Colon and rectum cancer,Low physical activity,Rate,2019,15.40 (9.32 to 21.96)
DALYs (Disability-Adjusted Life Years),China,Both,Age-standardized,Colon and rectum cancer,Low physical activity,Rate,2020,15.57 (9.06 to 22.59)
DALYs (Disability-Adjusted Life Years),China,Both,Age-standardized,Ischemic heart disease,Low physical activity,Rate,2021,46.05 (19.74 to 83.48)
DALYs (Disability-Adjusted Life Years),China,Both,Age-standardized,Lower extremity peripheral arterial disease,Low physical activity,Rate,1990,0.27 (0.07 to 0.60)
DALYs (Disability-Adjusted Life Years),China,Both,Age-standardized,Chronic kidney disease,Low physical activity,Rate,1991,10.93 (4.16 to 19.67)
DALYs (Disability-Adjusted Life Years),China,Both,Age-standardized,Chronic kidney disease,Low physical activity,Rate,1992,10.80 (4.16 to 18.95)
DALYs (Disability-Adjusted Life Years),China,Both,Age-standardized,Chronic kidney disease,Low physical activity,Rate,1993,10.61 (4.11 to 18.83)
DALYs (Disability-Adjusted Life Years),China,Both,Age-standardized,Chronic kidney disease,Low physical activity,Rate,1994,10.48 (4.13 to 18.94)
DALYs (Disability-Adjusted Life Years),China,Both,Age-standardized,Chronic kidney disease,Low physical activity,Rate,1995,10.35 (4.07 to 18.66)
DALYs (Disability-Adjusted Life Years),China,Both,Age-standardized,Chronic kidney disease,Low physical activity,Rate,1996,10.13 (4.05 to 17.93)
DALYs (Disability-Adjusted Life Years),China,Both,Age-standardized,Chronic kidney disease,Low physical activity,Rate,1997,9.82 (3.79 to 17.17)
DALYs (Disability-Adjusted Life Years),China,Both,Age-standardized,Chronic kidney disease,Low physical activity,Rate,1998,9.53 (3.71 to 16.72)
DALYs (Disability-Adjusted Life Years),China,Both,Age-standardized,Chronic kidney disease,Low physical activity,Rate,1999,9.33 (3.60 to 16.50)
DALYs (Disability-Adjusted Life Years),China,Both,Age-standardized,Chronic kidney disease,Low physical activity,Rate,2000,9.38 (3.66 to 16.39)
DALYs (Disability-Adjusted Life Years),China,Both,Age-standardized,Chronic kidney disease,Low physical activity,Rate,2001,9.58 (3.69 to 16.87)
DALYs (Disability-Adjusted Life Years),China,Both,Age-standardized,Chronic kidney disease,Low physical activity,Rate,2002,9.83 (3.83 to 17.42)
DALYs (Disability-Adjusted Life Years),China,Both,Age-standardized,Chronic kidney disease,Low physical activity,Rate,2003,10.29 (3.96 to 17.92)
DALYs (Disability-Adjusted Life Years),China,Both,Age-standardized,Chronic kidney disease,Low physical activity,Rate,2004,10.68 (4.21 to 18.57)
DALYs (Disability-Adjusted Life Years),China,Both,Age-standardized,Chronic kidney disease,Low physical activity,Rate,2005,10.65 (4.17 to 18.73)
DALYs (Disability-Adjusted Life Years),China,Both,Age-standardized,Chronic kidney disease,Low physical activity,Rate,2006,10.13 (3.95 to 17.71)
DALYs (Disability-Adjusted Life Years),China,Both,Age-standardized,Chronic kidney disease,Low physical activity,Rate,2007,9.88 (3.89 to 17.51)
DALYs (Disability-Adjusted Life Years),China,Both,Age-standardized,Chronic kidney disease,Low physical activity,Rate,2008,9.84 (3.90 to 17.07)
DALYs (Disability-Adjusted Life Years),China,Both,Age-standardized,Chronic kidney disease,Low physical activity,Rate,2009,9.83 (3.81 to 17.23)
DALYs (Disability-Adjusted Life Years),China,Both,Age-standardized,Chronic kidney disease,Low physical activity,Rate,2010,9.86 (3.87 to 17.21)
DALYs (Disability-Adjusted Life Years),China,Both,Age-standardized,Chronic kidney disease,Low physical activity,Rate,2011,9.70 (3.75 to 16.69)
DALYs (Disability-Adjusted Life Years),China,Both,Age-standardized,Chronic kidney disease,Low physical activity,Rate,2012,9.43 (3.63 to 16.23)
DALYs (Disability-Adjusted Life Years),China,Both,Age-standardized,Chronic kidney disease,Low physical activity,Rate,2013,9.30 (3.60 to 16.23)
DALYs (Disability-Adjusted Life Years),China,Both,Age-standardized,Chronic kidney disease,Low physical activity,Rate,2014,9.13 (3.59 to 15.83)
DALYs (Disability-Adjusted Life Years),China,Both,Age-standardized,Chronic kidney disease,Low physical activity,Rate,2015,8.99 (3.36 to 15.77)
DALYs (Disability-Adjusted Life Years),China,Both,Age-standardized,Chronic kidney disease,Low physical activity,Rate,2016,8.93 (3.31 to 15.68)
DALYs (Disability-Adjusted Life Years),China,Both,Age-standardized,Chronic kidney disease,Low physical activity,Rate,2017,8.93 (3.33 to 16.01)
DALYs (Disability-Adjusted Life Years),China,Both,Age-standardized,Chronic kidney disease,Low physical activity,Rate,2018,8.93 (3.42 to 15.49)
DALYs (Disability-Adjusted Life Years),China,Both,Age-standardized,Chronic kidney disease,Low physical activity,Rate,2019,8.92 (3.37 to 15.55)
DALYs (Disability-Adjusted Life Years),China,Both,Age-standardized,Chronic kidney disease,Low physical activity,Rate,2020,8.92 (3.36 to 15.73)
DALYs (Disability-Adjusted Life Years),China,Both,Age-standardized,Lower extremity peripheral arterial disease,Low physical activity,Rate,2021,0.27 (0.06 to 0.58)
DALYs (Disability-Adjusted Life Years),China,Both,Age-standardized,Stroke,Low physical activity,Rate,1990,63.24 (11.05 to 124.92)
DALYs (Disability-Adjusted Life Years),China,Both,Age-standardized,Tuberculosis,Low physical activity,Rate,1991,3.69 (1.11 to 7.04)
DALYs (Disability-Adjusted Life Years),China,Both,Age-standardized,Tuberculosis,Low physical activity,Rate,1992,3.46 (1.05 to 6.67)
DALYs (Disability-Adjusted Life Years),China,Both,Age-standardized,Tuberculosis,Low physical activity,Rate,1993,3.22 (0.95 to 6.17)
DALYs (Disability-Adjusted Life Years),China,Both,Age-standardized,Tuberculosis,Low physical activity,Rate,1994,2.98 (0.91 to 5.59)
DALYs (Disability-Adjusted Life Years),China,Both,Age-standardized,Tuberculosis,Low physical activity,Rate,1995,2.77 (0.82 to 5.18)
DALYs (Disability-Adjusted Life Years),China,Both,Age-standardized,Tuberculosis,Low physical activity,Rate,1996,2.58 (0.77 to 4.91)
DALYs (Disability-Adjusted Life Years),China,Both,Age-standardized,Tuberculosis,Low physical activity,Rate,1997,2.41 (0.72 to 4.43)
DALYs (Disability-Adjusted Life Years),China,Both,Age-standardized,Tuberculosis,Low physical activity,Rate,1998,2.26 (0.71 to 4.21)
DALYs (Disability-Adjusted Life Years),China,Both,Age-standardized,Tuberculosis,Low physical activity,Rate,1999,2.16 (0.66 to 4.09)
DALYs (Disability-Adjusted Life Years),China,Both,Age-standardized,Tuberculosis,Low physical activity,Rate,2000,2.12 (0.65 to 3.96)
DALYs (Disability-Adjusted Life Years),China,Both,Age-standardized,Tuberculosis,Low physical activity,Rate,2001,2.03 (0.61 to 3.80)
DALYs (Disability-Adjusted Life Years),China,Both,Age-standardized,Tuberculosis,Low physical activity,Rate,2002,1.97 (0.60 to 3.73)
DALYs (Disability-Adjusted Life Years),China,Both,Age-standardized,Tuberculosis,Low physical activity,Rate,2003,1.93 (0.59 to 3.59)
DALYs (Disability-Adjusted Life Years),China,Both,Age-standardized,Tuberculosis,Low physical activity,Rate,2004,1.85 (0.54 to 3.49)
DALYs (Disability-Adjusted Life Years),China,Both,Age-standardized,Tuberculosis,Low physical activity,Rate,2005,1.70 (0.51 to 3.20)
DALYs (Disability-Adjusted Life Years),China,Both,Age-standardized,Tuberculosis,Low physical activity,Rate,2006,1.48 (0.45 to 2.79)
DALYs (Disability-Adjusted Life Years),China,Both,Age-standardized,Tuberculosis,Low physical activity,Rate,2007,1.33 (0.42 to 2.52)
DALYs (Disability-Adjusted Life Years),China,Both,Age-standardized,Tuberculosis,Low physical activity,Rate,2008,1.23 (0.37 to 2.34)
DALYs (Disability-Adjusted Life Years),China,Both,Age-standardized,Tuberculosis,Low physical activity,Rate,2009,1.13 (0.34 to 2.16)
DALYs (Disability-Adjusted Life Years),China,Both,Age-standardized,Tuberculosis,Low physical activity,Rate,2010,1.05 (0.33 to 2.01)
DALYs (Disability-Adjusted Life Years),China,Both,Age-standardized,Tuberculosis,Low physical activity,Rate,2011,0.98 (0.30 to 1.81)
DALYs (Disability-Adjusted Life Years),China,Both,Age-standardized,Tuberculosis,Low physical activity,Rate,2012,0.91 (0.28 to 1.69)
DALYs (Disability-Adjusted Life Years),China,Both,Age-standardized,Tuberculosis,Low physical activity,Rate,2013,0.84 (0.27 to 1.57)
DALYs (Disability-Adjusted Life Years),China,Both,Age-standardized,Tuberculosis,Low physical activity,Rate,2014,0.79 (0.26 to 1.48)
DALYs (Disability-Adjusted Life Years),China,Both,Age-standardized,Tuberculosis,Low physical activity,Rate,2015,0.76 (0.24 to 1.41)
DALYs (Disability-Adjusted Life Years),China,Both,Age-standardized,Tuberculosis,Low physical activity,Rate,2016,0.73 (0.24 to 1.35)
DALYs (Disability-Adjusted Life Years),China,Both,Age-standardized,Tuberculosis,Low physical activity,Rate,2017,0.70 (0.22 to 1.29)
DALYs (Disability-Adjusted Life Years),China,Both,Age-standardized,Tuberculosis,Low physical activity,Rate,2018,0.67 (0.20 to 1.22)
DALYs (Disability-Adjusted Life Years),China,Both,Age-standardized,Tuberculosis,Low physical activity,Rate,2019,0.64 (0.20 to 1.18)
DALYs (Disability-Adjusted Life Years),China,Both,Age-standardized,Tuberculosis,Low physical activity,Rate,2020,0.62 (0.19 to 1.15)
DALYs (Disability-Adjusted Life Years),China,Both,Age-standardized,Stroke,Low physical activity,Rate,2021,51.38 (6.16 to 108.84)
DALYs (Disability-Adjusted Life Years),China,Both,Age-standardized,Tuberculosis,Low physical activity,Rate,1990,3.86 (1.22 to 7.43)
DALYs (Disability-Adjusted Life Years),China,Both,Age-standardized,All causes,Low physical activity,Rate,1991,167.51 (70.92 to 280.54)
DALYs (Disability-Adjusted Life Years),China,Both,Age-standardized,All causes,Low physical activity,Rate,1992,166.90 (69.14 to 278.25)
DALYs (Disability-Adjusted Life Years),China,Both,Age-standardized,All causes,Low physical activity,Rate,1993,166.48 (71.19 to 274.87)
DALYs (Disability-Adjusted Life Years),China,Both,Age-standardized,All causes,Low physical activity,Rate,1994,165.55 (70.47 to 270.92)
DALYs (Disability-Adjusted Life Years),China,Both,Age-standardized,All causes,Low physical activity,Rate,1995,164.81 (69.41 to 271.48)
DALYs (Disability-Adjusted Life Years),China,Both,Age-standardized,All causes,Low physical activity,Rate,1996,163.53 (69.08 to 273.62)
DALYs (Disability-Adjusted Life Years),China,Both,Age-standardized,All causes,Low physical activity,Rate,1997,161.94 (69.11 to 263.98)
DALYs (Disability-Adjusted Life Years),China,Both,Age-standardized,All causes,Low physical activity,Rate,1998,162.52 (70.12 to 267.84)
DALYs (Disability-Adjusted Life Years),China,Both,Age-standardized,All causes,Low physical activity,Rate,1999,163.96 (70.56 to 276.64)
DALYs (Disability-Adjusted Life Years),China,Both,Age-standardized,All causes,Low physical activity,Rate,2000,167.99 (73.31 to 282.00)
DALYs (Disability-Adjusted Life Years),China,Both,Age-standardized,All causes,Low physical activity,Rate,2001,170.76 (73.64 to 284.54)
DALYs (Disability-Adjusted Life Years),China,Both,Age-standardized,All causes,Low physical activity,Rate,2002,172.98 (77.01 to 287.30)
DALYs (Disability-Adjusted Life Years),China,Both,Age-standardized,All causes,Low physical activity,Rate,2003,179.63 (78.68 to 298.90)
DALYs (Disability-Adjusted Life Years),China,Both,Age-standardized,All causes,Low physical activity,Rate,2004,183.53 (79.65 to 304.18)
DALYs (Disability-Adjusted Life Years),China,Both,Age-standardized,All causes,Low physical activity,Rate,2005,181.90 (78.09 to 306.25)
DALYs (Disability-Adjusted Life Years),China,Both,Age-standardized,All causes,Low physical activity,Rate,2006,171.80 (73.86 to 285.40)
DALYs (Disability-Adjusted Life Years),China,Both,Age-standardized,All causes,Low physical activity,Rate,2007,167.47 (70.23 to 281.08)
DALYs (Disability-Adjusted Life Years),China,Both,Age-standardized,All causes,Low physical activity,Rate,2008,167.64 (70.32 to 279.73)
DALYs (Disability-Adjusted Life Years),China,Both,Age-standardized,All causes,Low physical activity,Rate,2009,169.25 (69.49 to 278.52)
DALYs (Disability-Adjusted Life Years),China,Both,Age-standardized,All causes,Low physical activity,Rate,2010,170.90 (69.70 to 287.60)
DALYs (Disability-Adjusted Life Years),China,Both,Age-standardized,All causes,Low physical activity,Rate,2011,171.00 (70.76 to 284.06)
DALYs (Disability-Adjusted Life Years),China,Both,Age-standardized,All causes,Low physical activity,Rate,2012,167.59 (69.47 to 281.60)
DALYs (Disability-Adjusted Life Years),China,Both,Age-standardized,All causes,Low physical activity,Rate,2013,166.55 (70.07 to 279.93)
DALYs (Disability-Adjusted Life Years),China,Both,Age-standardized,All causes,Low physical activity,Rate,2014,164.28 (68.10 to 274.02)
DALYs (Disability-Adjusted Life Years),China,Both,Age-standardized,All causes,Low physical activity,Rate,2015,161.86 (67.01 to 266.57)
DALYs (Disability-Adjusted Life Years),China,Both,Age-standardized,All causes,Low physical activity,Rate,2016,161.39 (68.74 to 266.24)
DALYs (Disability-Adjusted Life Years),China,Both,Age-standardized,All causes,Low physical activity,Rate,2017,161.81 (68.07 to 267.98)
DALYs (Disability-Adjusted Life Years),China,Both,Age-standardized,All causes,Low physical activity,Rate,2018,161.80 (67.88 to 261.26)
DALYs (Disability-Adjusted Life Years),China,Both,Age-standardized,All causes,Low physical activity,Rate,2019,162.01 (68.80 to 267.77)
DALYs (Disability-Adjusted Life Years),China,Both,Age-standardized,All causes,Low physical activity,Rate,2020,161.94 (69.45 to 269.93)
DALYs (Disability-Adjusted Life Years),China,Both,Age-standardized,Tuberculosis,Low physical activity,Rate,2021,0.60 (0.19 to 1.16)
